{"data": [[929031.2807109649, 928750.5953235816, 924069.869250852, 923325.9569753462], [893109.2253876408, 889717.230198446, 882596.6988539606, 881349.4123599698], [855871.7985259498, 849807.3346151059, 838271.0522130914, 838346.3514728637], [817017.8034892955, 805701.5468844947, 791056.944503853, 790425.0027409793], [777789.4579689073, 761394.5709052742, 742884.1431966934, 745205.8218290624], [737617.1142949685, 710648.4393177843, 691378.4394060593, 700115.8313076053], [693965.8057947503, 655339.0849766162, 640441.3755745525, 652763.7866397254], [649785.6741212794, 597217.308601828, 588936.7256233357, 604894.575745828], [603816.7158120829, 540171.2179277973, 537385.6309288904, 555568.6656998047], [554315.52179801, 476223.34103115444, 481995.9116586224, 507389.55524160946], [508703.4849557025, 415299.9270828121, 427972.95769447385, 458141.6602381286], [460713.2736320482, 359679.1553981847, 369494.66573483264, 405070.6279998802], [404865.4540065776, 302846.7108383488, 316838.37742406677, 346550.1162194024], [347774.53140136995, 251908.49477706966, 261464.07053566774, 282539.8950965269], [294232.127397125, 206168.93631827782, 214027.01165323236, 231207.72102670255], [240399.0470111761, 165741.46126000714, 173005.66273382, 185997.59458795373], [190471.8971336673, 134005.18614691152, 138796.5339825775, 147403.33006653027], [148598.68635724668, 107275.48585559135, 111028.29759855727, 118286.7284632562], [114344.9557308509, 86198.80530470153, 89805.10574267294, 92001.90738902947], [87265.35706857292, 66029.58899578021, 70550.05430862057, 73595.67523837187]], "desv": [[8263.436471051147, 8450.288342076181, 12118.55849936377, 10283.755298993608], [14945.600010610457, 14725.597148133542, 20327.24497794218, 14862.214587017264], [18895.701482209788, 19855.0246583578, 29922.59653233331, 20519.650476503713], [27187.5322857064, 26258.3654447242, 34604.35913022042, 27255.61232486717], [32827.03660905839, 35130.83930830412, 38405.64271401131, 31807.75543765707], [38351.67241327776, 46552.737001789545, 45093.762178577694, 38078.96865882308], [44278.15988498812, 56153.72153251165, 47012.417473405716, 42156.35147943487], [51425.69590917232, 63606.41268354696, 51880.064398475864, 45535.577084076926], [58433.59456156721, 66900.81743311696, 58013.47342770532, 47275.141371664315], [60093.42578897537, 70390.18355720256, 62528.46059217363, 47195.92325309389], [63374.08206912076, 77767.09418660736, 70339.55871697933, 53465.169352483266], [69527.89589864631, 78332.1289329838, 74846.42838955976, 58983.96525097101], [77003.0460209178, 72573.43120105752, 71708.54749552422, 61919.33541573913], [79582.30579647825, 65773.13027423531, 68225.57941609785, 62483.34956651836], [83855.93982144016, 65562.12102955414, 63218.467982474765, 57193.99040015976], [78556.54671890523, 65698.41597981658, 59623.19237137779, 52532.84761622361], [74898.4822448722, 69566.30120433583, 60444.811722764396, 50667.57093754783], [73502.92122474498, 74185.94931818222, 56403.8195123755, 51774.99045560996], [74338.05526904426, 76097.46279688067, 58832.39640566591, 55160.26249451841], [75566.22401706259, 78060.84567014163, 60300.68553414925, 55535.23909946816]], "qData": [[83.48, 75.28, 77.33, 79.58]], "qDesv": [[6.0588447743773735, 7.491435109510061, 6.954214549465669, 6.296316383410224]], "info": "Resultado promedio con desviación estándar para simulaciones de múltiples particiones de AO.", "nQ": "92", "qPerUAV": "18"}