{
    "dataP": [
        [
            26592.737504663157,
            26592.22370551373,
            26591.77407798624,
            26591.225955751925
        ],
        [
            26582.983903589437,
            26581.59561807425,
            26579.579209252963,
            26576.011076929037
        ],
        [
            26571.006930704312,
            26567.214229111978,
            26560.385503678262,
            26552.44103171928
        ],
        [
            26556.033954964267,
            26545.444356972363,
            26533.561180307493,
            26517.354199985944
        ],
        [
            26535.190767017742,
            26511.259913882306,
            26490.72441343272,
            26470.37822970243
        ],
        [
            26494.554061612533,
            26458.895304333135,
            26428.598674157067,
            26409.835100610904
        ],
        [
            0.0002777777777777777,
            4228.908115321908,
            15048.107004920073,
            16616.801032400053
        ],
        [
            0.0002777777777777777,
            0.0002777777777777777,
            791.3590616572345,
            3951.6746278670694
        ],
        [
            0.0002777777777777777,
            0.0002777777777777777,
            0.0002777777777777777,
            526.4663335250606
        ],
        [
            0.0002777777777777777,
            0.0002777777777777777,
            0.0002777777777777777,
            0.0002777777777777777
        ],
        [
            0.0002777777777777777,
            0.0002777777777777777,
            0.0002777777777777777,
            0.0002777777777777777
        ],
        [
            0.0002777777777777777,
            0.0002777777777777777,
            0.0002777777777777777,
            0.0002777777777777777
        ]
    ],
    "dataPTotal": [
        [
            398891.06256994745,
            398883.3555827059,
            398876.6111697935,
            398868.3893362789
        ],
        [
            398744.7585538414,
            398723.9342711139,
            398693.68813879444,
            398640.16615393554
        ],
        [
            398565.10396056465,
            398508.2134366797,
            398405.7825551739,
            398286.6154757892
        ],
        [
            398340.50932446396,
            398181.6653545855,
            398003.4177046123,
            397760.31299978914
        ],
        [
            398027.8615052661,
            397668.8987082347,
            397360.86620149075,
            397055.6734455365
        ],
        [
            397418.31092418806,
            396883.42956499703,
            396428.98011235596,
            396147.52650916355
        ],
        [
            0.0002777777777777777,
            63433.61846316196,
            225721.6034015788,
            249252.0140471119
        ],
        [
            0.0002777777777777777,
            0.0002777777777777777,
            11870.382152636288,
            59275.11611245047
        ],
        [
            0.0002777777777777777,
            0.0002777777777777777,
            0.0002777777777777777,
            7896.991191764802
        ],
        [
            0.0002777777777777777,
            0.0002777777777777777,
            0.0002777777777777777,
            0.0002777777777777777
        ],
        [
            0.0002777777777777777,
            0.0002777777777777777,
            0.0002777777777777777,
            0.0002777777777777777
        ],
        [
            0.0002777777777777777,
            0.0002777777777777777,
            0.0002777777777777777,
            0.0002777777777777777
        ]
    ],
    "desvP": [
        [
            1.123099714167441,
            1.36855924992043,
            1.4360976858105228,
            1.9768094451862825
        ],
        [
            2.0430554724823233,
            2.7214990627261915,
            3.3051433261546888,
            5.519845257568189
        ],
        [
            3.9443909474826273,
            5.57322818148864,
            8.945274949692186,
            12.519773600243239
        ],
        [
            7.055830385786804,
            11.215523299108279,
            20.015268899069238,
            25.009587506396382
        ],
        [
            10.967082093876282,
            22.73511376231814,
            30.093552531418666,
            34.74751282899373
        ],
        [
            16.063480595965803,
            27.857403635632327,
            41.970957180782904,
            44.403982668763014
        ],
        [
            5.421010862427522e-20,
            9689.649625067788,
            13070.128771589745,
            12734.44693233844
        ],
        [
            5.421010862427522e-20,
            5.421010862427522e-20,
            4499.856599436241,
            9406.879013320135
        ],
        [
            5.421010862427522e-20,
            5.421010862427522e-20,
            5.421010862427522e-20,
            3685.265639720978
        ],
        [
            5.421010862427522e-20,
            5.421010862427522e-20,
            5.421010862427522e-20,
            5.421010862427522e-20
        ],
        [
            5.421010862427522e-20,
            5.421010862427522e-20,
            5.421010862427522e-20,
            5.421010862427522e-20
        ],
        [
            5.421010862427522e-20,
            5.421010862427522e-20,
            5.421010862427522e-20,
            5.421010862427522e-20
        ]
    ],
    "desvPTotal": [
        [
            16.84649571251403,
            20.528388748810197,
            21.541465287156683,
            29.65214167779261
        ],
        [
            30.645832087232385,
            40.82248594089039,
            49.57714989232324,
            82.79767886352606
        ],
        [
            59.1658642122399,
            83.59842272233453,
            134.17912424538355,
            187.79660400364736
        ],
        [
            105.83745578679427,
            168.2328494866245,
            300.22903348603836,
            375.1438125959462
        ],
        [
            164.50623140814355,
            341.0267064347722,
            451.40328797128115,
            521.2126924349022
        ],
        [
            240.95220893948868,
            417.86105453448897,
            629.5643577117437,
            666.059740031441
        ],
        [
            5.421010862427522e-20,
            145344.7458017064,
            196051.93349913546,
            191016.70586263988
        ],
        [
            5.421010862427522e-20,
            5.421010862427522e-20,
            67497.84965493836,
            141103.18658841125
        ],
        [
            5.421010862427522e-20,
            5.421010862427522e-20,
            5.421010862427522e-20,
            55278.985140258665
        ],
        [
            5.421010862427522e-20,
            5.421010862427522e-20,
            5.421010862427522e-20,
            5.421010862427522e-20
        ],
        [
            5.421010862427522e-20,
            5.421010862427522e-20,
            5.421010862427522e-20,
            5.421010862427522e-20
        ],
        [
            5.421010862427522e-20,
            5.421010862427522e-20,
            5.421010862427522e-20,
            5.421010862427522e-20
        ]
    ],
    "qData": [
        [
            90.0,
            90.0,
            90.0,
            90.0
        ]
    ],
    "qDesv": [
        [
            0.0,
            0.0,
            0.0,
            0.0
        ]
    ],
    "info": "Resultado promedio con desviación estándar para simulaciones de múltiples particiones de AO.",
    "nQ": "90",
    "qPerUAV": "6"
}