{
    "dataP": [
        [
            15.941732338770537,
            13.989262007908446,
            13.153808222221475,
            12.779682463603908
        ],
        [
            21.361773964731785,
            19.074975953816313,
            18.18572287587378,
            17.699939649108504
        ],
        [
            24.023862188696608,
            21.485010369167902,
            20.434495298296643,
            20.200469832000447
        ],
        [
            27.269524235436435,
            23.98218987132063,
            22.45501426766153,
            22.473299295885838
        ],
        [
            34.48181826574056,
            28.661043477950255,
            27.8162718469069,
            27.634152350274032
        ],
        [
            67.56855935457435,
            46.796011223640754,
            38.9914704170021,
            45.60452770751936
        ],
        [
            30.620062066182527,
            175.6287920118468,
            134.6920822426416,
            272.45829908148744
        ],
        [
            0.974458053515261,
            3.9907941809828937,
            14.896315786565344,
            1.121680084811978
        ],
        [
            0.028777393132936622,
            0.0002777777777777778,
            0.19942997083873115,
            0.3246324982156284
        ],
        [
            0.0002777777777777778,
            0.0002777777777777778,
            0.0002777777777777778,
            0.0002777777777777778
        ],
        [
            0.0002777777777777778,
            0.0002777777777777778,
            0.0002777777777777778,
            0.0002777777777777778
        ],
        [
            0.0002777777777777778,
            0.0002777777777777778,
            0.0002777777777777778,
            0.0002777777777777778
        ]
    ],
    "dataPTotal": [
        [
            15.941732338770537,
            13.989262007908446,
            13.153808222221475,
            12.779682463603908
        ],
        [
            18.65175315175116,
            16.532118980862382,
            15.669765549047627,
            15.239811056356205
        ],
        [
            20.442456164066307,
            18.183082776964223,
            17.2580087987973,
            16.893363981570953
        ],
        [
            22.146636877625753,
            19.632859550553324,
            18.557260166013354,
            18.288347810149673
        ],
        [
            24.470195932710528,
            21.399061984038095,
            20.402549164419128,
            20.139557570281017
        ],
        [
            29.03077614296786,
            25.146393119679452,
            23.22906120024619,
            23.86433448014906
        ],
        [
            33.683540299170986,
            30.30852352550388,
            28.44059206353354,
            29.864682358704176
        ],
        [
            7.006982740105493,
            24.15422657087496,
            31.23871109574914,
            25.549584991701387
        ],
        [
            0.9244780008488231,
            1.4425531111654064,
            2.4422063089088044,
            0.42254824540976776
        ],
        [
            0.18377063220035725,
            0.0002777777777777778,
            0.14456832558074834,
            0.1462177453730387
        ],
        [
            0.0002777777777777778,
            0.0002777777777777778,
            0.0002777777777777778,
            0.0002777777777777778
        ],
        [
            0.0002777777777777778,
            0.0002777777777777778,
            0.0002777777777777778,
            0.0002777777777777778
        ]
    ],
    "desvP": [
        [
            4.458973608234732,
            3.5858868621895343,
            3.1166026691941404,
            2.525801438551811
        ],
        [
            5.9333516369080455,
            4.636553836284142,
            4.5177213038797515,
            3.9689732550193177
        ],
        [
            7.567477524861567,
            6.007324520638154,
            5.66377132888925,
            5.736746044046092
        ],
        [
            9.185228218835142,
            7.382041688872562,
            6.79596860409638,
            6.705461228111098
        ],
        [
            14.085033892366514,
            10.496408210019862,
            10.013400569796568,
            9.536045932155186
        ],
        [
            22.320130942708214,
            15.46998965035207,
            13.152955988525083,
            13.435767558117849
        ],
        [
            73.29773380439418,
            159.52032955838237,
            46.18958394147248,
            232.2512605729095
        ],
        [
            8.642255281104184,
            22.037862422500318,
            63.70880637982382,
            10.554083468577904
        ],
        [
            0.4497163447914801,
            0.0,
            3.1425685997676847,
            5.118231157627481
        ],
        [
            0.0,
            0.0,
            0.0,
            0.0
        ],
        [
            0.0,
            0.0,
            0.0,
            0.0
        ],
        [
            0.0,
            0.0,
            0.0,
            0.0
        ]
    ],
    "desvPTotal": [
        [
            4.458973608234732,
            3.5858868621895343,
            3.1166026691941404,
            2.525801438551811
        ],
        [
            4.12142341642743,
            3.29004166601412,
            3.1937684118715928,
            2.615329421498443
        ],
        [
            3.923167699732125,
            3.0975470021571554,
            3.1723634047150755,
            2.8500944197881726
        ],
        [
            3.955516147425687,
            3.191206687776023,
            3.056478513198071,
            2.937730200979653
        ],
        [
            4.047886449687649,
            3.376217841075707,
            3.2511232447218514,
            3.1871727057960046
        ],
        [
            3.470271154451259,
            3.2394236273098347,
            3.0841006122285477,
            3.1409864421545723
        ],
        [
            3.6045861648162454,
            3.097194855863484,
            2.8066938285207983,
            3.2060043759971584
        ],
        [
            14.618426668060827,
            14.44541322605241,
            3.324730557484742,
            13.173312055747939
        ],
        [
            5.916748216765723,
            7.089036761112434,
            9.05911135137474,
            3.8351268626896124
        ],
        [
            2.8954684039741028,
            0.0,
            2.2768664396786784,
            2.302893844988246
        ],
        [
            0.0,
            0.0,
            0.0,
            0.0
        ],
        [
            0.0,
            0.0,
            0.0,
            0.0
        ]
    ],