{
    "dataP": [
        [
            12.345514716408154,
            10.54813605280447,
            8.845294578061766,
            8.206701212671385
        ],
        [
            19.655609138949764,
            16.375335573723355,
            13.093282532247194,
            12.379420090129923
        ],
        [
            28.746022099026924,
            23.93865986023727,
            19.342667683031316,
            18.058556597850252
        ],
        [
            37.74983768210133,
            34.05937083948892,
            26.909236329794613,
            26.565477627577042
        ],
        [
            46.76489361219573,
            42.82712214006262,
            36.698245207516734,
            37.54504130803541
        ],
        [
            65.77933162740511,
            37.38632327682846,
            40.67036907668724,
            35.05308856320581
        ],
        [
            4.321638266517479,
            4.7214754106041275,
            66.11837157272035,
            6.255243848241012
        ],
        [
            0.17355184141166996,
            0.452180371955979,
            15.011681535376068,
            0.7720062484218281
        ],
        [
            0.0002777777777777778,
            0.10127543335186111,
            0.8171362500137751,
            0.0002777777777777778
        ],
        [
            0.0002777777777777778,
            0.0002777777777777778,
            0.0002777777777777778,
            0.0002777777777777778
        ],
        [
            0.0002777777777777778,
            0.0002777777777777778,
            0.0002777777777777778,
            0.0002777777777777778
        ],
        [
            0.0002777777777777778,
            0.0002777777777777778,
            0.0002777777777777778,
            0.0002777777777777778
        ]
    ],
    "dataPTotal": [
        [
            12.345514716408154,
            10.54813605280447,
            8.845294578061766,
            8.206701212671385
        ],
        [
            16.00056192767896,
            13.461735813263912,
            10.96928855515448,
            10.293060651400655
        ],
        [
            20.249048651461614,
            16.954043828921698,
            13.760414931113425,
            12.881559300217186
        ],
        [
            25.263578124116023,
            21.600589283671777,
            17.047620280783725,
            16.30253888205715
        ],
        [
            31.308656531688953,
            26.909229271350473,
            21.802687266630578,
            21.565657250013363
        ],
        [
            35.67895645813634,
            35.62886498301778,
            28.023170114295688,
            30.496998895365476
        ],
        [
            5.079894002654902,
            15.938864258467175,
            29.102666177541032,
            13.83626997748886
        ],
        [
            0.4010692560356869,
            1.6890588118833243,
            7.044070576700216,
            1.280268881258137
        ],
        [
            0.0002777777777777778,
            0.2097365704181437,
            0.3083306342041722,
            0.0002777777777777778
        ],
        [
            0.0002777777777777778,
            0.0002777777777777778,
            0.0002777777777777778,
            0.0002777777777777778
        ],
        [
            0.0002777777777777778,
            0.0002777777777777778,
            0.0002777777777777778,
            0.0002777777777777778
        ],
        [
            0.0002777777777777778,
            0.0002777777777777778,
            0.0002777777777777778,
            0.0002777777777777778
        ]
    ],
    "desvP": [
        [
            3.0480752709692673,
            2.5506402900529386,
            1.728203200382846,
            1.4805898807176834
        ],
        [
            7.615404456968037,
            5.5770159645045005,
            3.5325530980509634,
            2.9576145647196714
        ],
        [
            12.064812050728891,
            8.97646793977068,
            6.443360159091628,
            5.795934860540707
        ],
        [
            16.59878669120574,
            14.773837326188712,
            11.024778409195044,
            11.066970385552795
        ],
        [
            23.43836455799292,
            20.14856391367347,
            17.085138404142608,
            16.807785956297266
        ],
        [
            37.919975329373166,
            33.02168298120938,
            26.552225068854483,
            31.29853208588597
        ],
        [
            16.104369364181796,
            16.458412386659678,
            61.262649677054156,
            24.72265476847996
        ],
        [
            2.4284388429080654,
            4.678885308527466,
            39.73770116431678,
            8.107434911763113
        ],
        [
            0.0,
            1.5937161232270411,
            10.28162247689642,
            0.0
        ],
        [
            0.0,
            0.0,
            0.0,
            0.0
        ],
        [
            0.0,
            0.0,
            0.0,
            0.0
        ],
        [
            0.0,
            0.0,
            0.0,
            0.0
        ]
    ],
    "desvPTotal": [
        [
            3.0480752709692673,
            2.5506402900529386,
            1.728203200382846,
            1.4805898807176834
        ],
        [
            4.613074209113263,
            3.490945564230925,
            2.27193082250003,
            1.8670778894019289
        ],
        [
            6.035317945667052,
            4.520600177026912,
            3.069075083061832,
            2.643059705684626
        ],
        [
            7.962083164654897,
            6.479688123938042,
            4.282572683852385,
            4.086171630971369
        ],
        [
            9.34248857106274,
            7.560824783464035,
            6.077879403682388,
            5.812452547516162
        ],
        [
            7.966103329294327,
            9.021883535615647,
            7.5591007035291495,
            7.908045076778777
        ],
        [
            14.311157973089081,
            19.79325857253229,
            6.388044197173803,
            16.678635254164984
        ],
        [
            4.473385712173634,
            8.776219274365404,
            14.151057792287233,
            6.701694967049078
        ],
        [
            0.0,
            3.3052039979062697,
            3.432174207357022,
            0.0
        ],
        [
            0.0,
            0.0,
            0.0,
            0.0
        ],
        [
            0.0,
            0.0,
            0.0,
            0.0
        ],
        [
            0.0,
            0.0,
            0.0,
            0.0
        ]
    ],
    "qData": [
        [
            8.0,
            10.0,
            12.0,
            15.0
        ],
        [
            16.0,
            20.0,
            24.0,
            30.0
        ],
        [
            24.0,
            30.0,
            36.0,
            45.0
        ],
        [
            31.84,
            39.88,
            48.0,
            60.0
        ],
        [
            39.324,
            49.4,
            59.52,
            74.22
        ],
        [
            44.388,
            56.064,
            69.54,
            84.072
        ],
        [
            6.064,
            24.948,
            74.292,
            38.672
        ],
        [
            1.352,
            3.12,
            16.072,
            4.216
        ],
        [
            1.0,
            1.236,
            1.592,
            1.0
        ],
        [
            1.0,
            1.0,
            1.0,
            1.0
        ],
        [
            1.0,
            1.0,
            1.0,
            1.0
        ],
        [
            1.0,
            1.0,
            1.0,
            1.0
        ]
    ],