{
    "dataP": [
        [
            8.153514457838956,
            8.419021934171141,
            9.052757977854522,
            9.263295096421619
        ],
        [
            10.764278044311249,
            11.851487213042887,
            13.573024717856514,
            14.88945184985388
        ],
        [
            13.001059949294286,
            15.20943493389101,
            18.764971523876962,
            22.41798323797067
        ],
        [
            15.933753607417897,
            21.77023550006096,
            27.944651415013183,
            31.0316349031421
        ],
        [
            20.667764177633305,
            33.462382461184156,
            36.58294602447987,
            37.5835245817129
        ],
        [
            34.15762774106568,
            47.18380022874316,
            40.120259243733855,
            40.537052559369165
        ],
        [
            16.360617627532484,
            39.88957745362887,
            59.11680448720289,
            68.49874810662993
        ],
        [
            0.0002777777777777778,
            1.1391102971671245,
            17.135219265723915,
            32.85580634159314
        ],
        [
            0.0002777777777777778,
            0.0002777777777777778,
            0.9292576012287319,
            2.534792776996913
        ],
        [
            0.0002777777777777778,
            0.0002777777777777778,
            0.0002777777777777778,
            0.0002777777777777778
        ],
        [
            0.0002777777777777778,
            0.0002777777777777778,
            0.0002777777777777778,
            0.0002777777777777778
        ],
        [
            0.0002777777777777778,
            0.0002777777777777778,
            0.0002777777777777778,
            0.0002777777777777778
        ]
    ],
    "dataPTotal": [
        [
            8.153514457838956,
            8.419021934171141,
            9.052757977854522,
            9.263295096421619
        ],
        [
            9.458896251075101,
            10.135254573607016,
            11.312891347855517,
            12.076373473137748
        ],
        [
            10.63961748381483,
            11.826648027035013,
            13.796918073196,
            15.523576728082057
        ],
        [
            11.963151514715594,
            14.312544895291499,
            17.80815340752899,
            20.21535607592592
        ],
        [
            13.70407404729914,
            18.14251240847003,
            22.29830931820715,
            25.270570010764484
        ],
        [
            17.112999662926896,
            23.443631489140643,
            29.417373380140926,
            32.614650298831855
        ],
        [
            17.082904381511113,
            23.992779888434622,
            30.148325305249383,
            33.81392264370442
        ],
        [
            0.0002777777777777778,
            0.736681521526326,
            9.242258037850293,
            13.40711367227033
        ],
        [
            0.0002777777777777778,
            0.0002777777777777778,
            0.7417270502742023,
            1.3116576642100792
        ],
        [
            0.0002777777777777778,
            0.0002777777777777778,
            0.0002777777777777778,
            0.0002777777777777778
        ],
        [
            0.0002777777777777778,
            0.0002777777777777778,
            0.0002777777777777778,
            0.0002777777777777778
        ],
        [
            0.0002777777777777778,
            0.0002777777777777778,
            0.0002777777777777778,
            0.0002777777777777778
        ]
    ],
    "desvP": [
        [
            1.3814612450035333,
            1.592909229306181,
            1.9735266475392796,
            1.8742859444518987
        ],
        [
            2.0687926047068235,
            2.725339787314407,
            3.929282787138995,
            4.60202705968061
        ],
        [
            3.259393495856103,
            4.382561343406382,
            6.363140150117869,
            8.664943914214316
        ],
        [
            4.222436400166118,
            8.120620052104256,
            12.682940622386829,
            12.64377553098859
        ],
        [
            6.639643908746004,
            15.235049626323287,
            17.377662671252597,
            18.41103861645431
        ],
        [
            10.414929107957967,
            17.624494661225583,
            29.242787231047735,
            32.06435296854436
        ],
        [
            8.443443983328846,
            33.10990542877796,
            51.63421374497956,
            62.73589052674611
        ],
        [
            0.0,
            7.677586343240871,
            37.71165781534989,
            61.75026662942466
        ],
        [
            0.0,
            0.0,
            7.839328663205539,
            18.768601180299797
        ],
        [
            0.0,
            0.0,
            0.0,
            0.0
        ],
        [
            0.0,
            0.0,
            0.0,
            0.0
        ],
        [
            0.0,
            0.0,
            0.0,
            0.0
        ]
    ],
    "desvPTotal": [
        [
            1.3814612450035333,
            1.592909229306181,
            1.9735266475392796,
            1.8742859444518987
        ],
        [
            1.4000551531075922,
            1.7856070336762873,
            2.5056820986902237,
            2.722568441461165
        ],
        [
            1.6008258928251535,
            2.136704520474559,
            3.2308502810802127,
            4.057793981389962
        ],
        [
            1.8152064984786849,
            3.0126393648583023,
            5.777767355424374,
            6.073877725364789
        ],
        [
            2.142086755697038,
            4.575265296151016,
            6.095411616863805,
            7.066242346858081
        ],
        [
            2.5995706248502257,
            5.0696301225759335,
            7.969192086081607,
            7.967742076312099
        ],
        [
            2.4570040578268553,
            4.453357514177526,
            7.19114081936602,
            7.164182370933229
        ],
        [
            0.0,
            4.402744707261148,
            15.848356731041099,
            19.04167347159766
        ],
        [
            0.0,
            0.0,
            5.896862881986542,
            7.799261463946858
        ],
        [
            0.0,
            0.0,
            0.0,
            0.0
        ],
        [
            0.0,
            0.0,
            0.0,
            0.0
        ],
        [
            0.0,
            0.0,
            0.0,
            0.0
        ]
    ],
    "qData": [
        [
            12.0,
            12.0,
            12.0,
            12.0
        ],
        [
            24.0,
            24.0,
            24.0,
            24.0
        ],
        [
            36.0,
            36.0,
            36.0,
            36.0
        ],
        [
            48.0,
            48.0,
            47.808,
            47.616
        ],
        [
            60.0,
            60.0,
            59.376,
            58.744
        ],
        [
            72.0,
            71.664,
            68.788,
            67.72
        ],
        [
            75.0,
            74.916,
            74.016,
            73.564
        ],
        [
            1.0,
            3.072,
            20.488,
            26.372
        ],
        [
            1.0,
            1.0,
            2.184,
            3.072
        ],
        [
            1.0,
            1.0,
            1.0,
            1.0
        ],
        [
            1.0,
            1.0,
            1.0,
            1.0
        ],
        [
            1.0,
            1.0,
            1.0,
            1.0
        ]
    ],