{"dataP": [[255.60921622792594, 254.10524039611246, 254.24275820612706, 253.938643241847], [241.93945330333952, 236.89024792931724, 238.03558295591992, 237.76380823435932], [227.729744184442, 217.92317832892763, 219.48666201103126, 221.5928832252137], [211.57843994983824, 197.2561760178869, 198.5680701739393, 203.72677931112247], [192.57302953082373, 172.69917687199734, 174.8586918305262, 182.45867562366394], [168.33583028748012, 144.6321912284181, 147.92964352106944, 154.90771493453923], [134.62756581237753, 110.01460733868083, 112.56609183155425, 118.79293758016652], [94.71503721025282, 79.60842192325477, 79.04552934805253, 82.51931482906313], [85.37975868250396, 65.58298475858295, 64.23145073224036, 70.52827140323177], [0.0002777777777777777, 8.897232676053132, 7.584040198134642, 2.4537716350437675], [0.0002777777777777777, 1.0388946128879915, 0.7582178791620935, 0.3516020170641999], [0.0002777777777777777, 0.2668869025496532, 0.0002777777777777777, 0.0002777777777777777], [0.0002777777777777777, 0.2518335070401395, 0.0002777777777777777, 0.0002777777777777777], [0.0002777777777777777, 0.0002777777777777777, 0.0002777777777777777, 0.0002777777777777777]], "dataPTotal": [[3322.9198109630365, 3303.3681251494622, 3305.1558566796516, 3301.2023621440107], [3145.2128929434134, 3079.5732230811245, 3094.4625784269588, 3090.9295070466706], [2960.486674397746, 2833.001318276059, 2853.326606143407, 2880.7074819277773], [2750.5197193478984, 2564.3302882325293, 2581.384912261211, 2648.4481310445913], [2503.449383900708, 2245.0892993359653, 2273.1629937968405, 2371.962783107631], [2188.365793737242, 1880.218485969435, 1923.0853657739033, 2013.8002941490101], [1750.1583555609077, 1430.1898954028504, 1463.3591938102054, 1544.3081885421645], [1231.2954837332866, 1034.9094850023118, 1027.5918815246828, 1072.7510927778205], [1109.9368628725513, 852.5788018615785, 835.0088595191248, 916.8675282420129], [0.0002777777777777777, 115.66135812202403, 98.58968924241697, 31.895864588902327], [0.0002777777777777777, 13.502396634210559, 9.85353242910721, 4.567526221834603], [0.0002777777777777777, 3.466229733145492, 0.0002777777777777777, 0.0002777777777777777], [0.0002777777777777777, 3.2705355915218144, 0.0002777777777777777, 0.0002777777777777777], [0.0002777777777777777, 0.0002777777777777777, 0.0002777777777777777, 0.0002777777777777777]], "desvP": [[1.9383157448250985, 2.885400633566599, 2.419660934927293, 2.364493259156619], [3.7375262929085857, 6.427116508305519, 4.464248745701983, 4.236521635229768], [6.4577060820141226, 10.788737690767322, 6.519256324859192, 6.5927337963020145], [10.65067771488802, 14.855359491521426, 9.666672627965495, 9.684400452988001], [13.274586555816414, 19.14975109096074, 13.889361269581423, 13.222573839280852], [14.502163138710655, 20.242025482543372, 16.12522040767685, 16.794374892036807], [13.728577459640539, 16.99141603066401, 16.224485505937086, 17.01305705806521], [17.93203087603686, 15.281296067355829, 17.568965841015444, 18.407751830649396], [20.144351142569946, 18.082395503300187, 19.67278976713894, 22.382578370881784], [5.421010862427522e-20, 18.60201511153614, 19.570284513389726, 10.815537642652238], [5.421010862427522e-20, 5.967878288770941, 7.541408789567114, 3.4956320444103035], [5.421010862427522e-20, 2.6527272976600735, 5.421010862427522e-20, 5.421010862427522e-20], [5.421010862427522e-20, 2.502947903482441, 5.421010862427522e-20, 5.421010862427522e-20], [5.421010862427522e-20, 5.421010862427522e-20, 5.421010862427522e-20, 5.421010862427522e-20]], "desvPTotal": [[25.198104682726296, 37.510208236365784, 31.455592154054788, 30.738412369036066], [48.58784180781158, 83.55251460797174, 58.0352336941258, 55.07478125798696], [83.9501790661836, 140.25358997997512, 84.75033222316951, 85.70553935192616], [138.45881029354427, 193.11967338977854, 125.66674416355147, 125.897205888844], [172.56962522561338, 248.94676418248963, 180.56169650455848, 171.8934599106511], [188.52812080323852, 263.1463312730639, 209.62786529979905, 218.32687359647844], [178.47150697532703, 220.88840839863215, 210.91831157718207, 221.16974175484773], [233.11640138847915, 198.65684887562577, 228.39655593320074, 239.30077379844215], [261.8765648534093, 235.07114154290247, 255.74626697280624, 290.97351882146324], [5.421010862427522e-20, 241.82747186119448, 254.41479663127626, 140.6027077096754], [5.421010862427522e-20, 77.58298046568095, 98.03864592685156, 45.443548239812976], [5.421010862427522e-20, 34.48578653206, 5.421010862427522e-20, 5.421010862427522e-20], [5.421010862427522e-20, 32.53865440775074, 5.421010862427522e-20, 5.421010862427522e-20], [5.421010862427522e-20, 5.421010862427522e-20, 5.421010862427522e-20, 5.421010862427522e-20]], "qData": [[92.0, 91.86, 91.98, 91.99]], "qDesv": [[0.0, 1.1137324633860681, 0.13999999999999999, 0.09949874371066199]], "info": "Resultado promedio con desviación estándar para simulaciones de múltiples particiones de AO.", "nQ": "92", "qPerUAV": "7"}