{
    "dataP": [
        [
            255.63056083608518,
            254.80575012303393,
            253.22097709901516,
            252.59551303802735
        ],
        [
            241.33179661986387,
            239.20970533443878,
            232.74233082780145,
            226.196709258972
        ],
        [
            225.55049376126144,
            219.0309170794022,
            202.8537291431491,
            188.36492779551853
        ],
        [
            207.77215697923398,
            191.58554733719427,
            167.5435449980809,
            144.37993479993847
        ],
        [
            188.15512375492398,
            156.81207556996986,
            127.41409102444058,
            103.21749240714324
        ],
        [
            162.23980487163178,
            120.95913336609878,
            91.35720893468687,
            71.07945392819086
        ],
        [
            127.86989561631454,
            89.83929025572169,
            63.911816704578975,
            51.387218046159205
        ],
        [
            86.75581983576893,
            68.46143240695527,
            49.549046205481055,
            40.59048862928898
        ],
        [
            36.51929418722809,
            52.57284934666426,
            40.58153165290003,
            32.992334523618226
        ],
        [
            0.8049720415688877,
            23.43289557852143,
            28.406068687186742,
            26.003805776200753
        ],
        [
            0.0002777777777777777,
            12.060113733775392,
            19.617598397514698,
            19.296205422705427
        ],
        [
            0.0002777777777777777,
            6.726644055676261,
            14.073005330107126,
            12.947515963824245
        ],
        [
            0.0002777777777777777,
            3.937437211626449,
            9.627930212551286,
            9.927633425799046
        ],
        [
            0.0002777777777777777,
            2.3033830069847814,
            8.005594470188191,
            7.035330774211592
        ]
    ],
    "dataPTotal": [
        [
            3323.1972908691077,
            3312.4747515994413,
            3291.8727022871976,
            3283.741669494355
        ],
        [
            3137.31335605823,
            3109.7261693477044,
            3025.6503007614187,
            2940.5572203666356
        ],
        [
            2932.1564188963985,
            2847.4019220322284,
            2637.0984788609385,
            2448.744061341741
        ],
        [
            2701.0380407300413,
            2490.612115383525,
            2178.066084975052,
            1876.9391523991999
        ],
        [
            2446.016608814012,
            2038.556982409608,
            1656.3831833177278,
            1341.8274012928623
        ],
        [
            2109.117463331213,
            1572.468733759284,
            1187.643716150929,
            924.0328677331479
        ],
        [
            1662.3086430120884,
            1167.9107733243823,
            830.8535838261932,
            668.0338012667364
        ],
        [
            1127.825657864996,
            889.9986212904183,
            644.1375006712536,
            527.6762855140901
        ],
        [
            474.7490577672986,
            683.4467748399686,
            527.5596114877004,
            428.8999821403702
        ],
        [
            10.461369873728872,
            304.6259758541119,
            369.27799293342764,
            338.0488417572765
        ],
        [
            0.0002777777777777777,
            156.77907853908013,
            255.02724583435767,
            250.84943716183727
        ],
        [
            0.0002777777777777777,
            87.44357272379133,
            182.9470359580593,
            168.31580752971516
        ],
        [
            0.0002777777777777777,
            51.18365041781051,
            125.16065942983336,
            129.05706786872088
        ],
        [
            0.0002777777777777777,
            29.940845757468836,
            104.07016144577977,
            91.456833398084
        ]
    ],
    "desvP": [
        [
            2.1522702266418148,
            2.3380611245070906,
            3.449464204490578,
            3.497093664915587
        ],
        [
            4.229328923287314,
            4.996966250268939,
            9.94877135050012,
            11.063376478905901
        ],
        [
            7.29899003895592,
            11.407781162612544,
            19.8881616533145,
            20.724756008386862
        ],
        [
            10.495011871816605,
            19.35581677024865,
            28.701921858733577,
            27.620431163730316
        ],
        [
            12.763409815961765,
            27.72252715692556,
            33.2403255072374,
            28.293169396802508
        ],
        [
            15.921951940459019,
            29.457881412389995,
            30.960575382017755,
            22.892635201187414
        ],
        [
            15.701659194960975,
            22.858576447485436,
            23.38304728447576,
            18.456232921423137
        ],
        [
            19.59494354444075,
            18.475922531563118,
            19.47406182389194,
            14.499594460034473
        ],
        [
            40.863072838671584,
            24.026071925638753,
            18.66260034750672,
            15.633096344387459
        ],
        [
            5.729729945539061,
            25.571218698759736,
            21.134770467167762,
            14.798682457801833
        ],
        [
            5.421010862427522e-20,
            20.435019800395533,
            20.45328321721819,
            16.03711798416451
        ],
        [
            5.421010862427522e-20,
            16.365442760685344,
            19.1221921614668,
            15.623386992011714
        ],
        [
            5.421010862427522e-20,
            12.832825871162283,
            17.047907695284252,
            14.066176869648384
        ],
        [
            5.421010862427522e-20,
            9.56584643948,
            15.755593561051827,
            12.37996962375265
        ]
    ],