{
    "dataP": [
        [
            16.887205238032976,
            14.80731453794794,
            13.554315590176957,
            13.319604003833382
        ],
        [
            29.867563504295315,
            25.517833488666536,
            23.552713804973877,
            23.52643625145617
        ],
        [
            41.87980939467067,
            37.91882590021481,
            33.44973577464879,
            35.52716179683164
        ],
        [
            53.352414618637134,
            48.74300336461228,
            44.70136034239009,
            51.806280015362944
        ],
        [
            69.31445988094195,
            60.10804031156014,
            53.837191454645186,
            60.3960931067535
        ],
        [
            77.27314387400489,
            75.84283008744585,
            73.39956460145852,
            77.89626392902193
        ],
        [
            57.440164961670135,
            73.4263338158119,
            74.13626958651253,
            84.35657057118503
        ],
        [
            20.149940807161027,
            36.75011384159621,
            52.21915045321149,
            46.578310393894924
        ],
        [
            7.470085982050237,
            13.411154594965588,
            24.970410056497954,
            21.405117083138155
        ],
        [
            3.193256703503468,
            6.14990924184413,
            11.277802382246726,
            11.459219308224379
        ],
        [
            1.7318421758098508,
            3.965532969574365,
            5.6422365755161685,
            8.293396353307545
        ],
        [
            1.3556171779232242,
            2.9468763089088132,
            3.1387803730660524,
            5.802508614394527
        ]
    ],
    "dataPTotal": [
        [
            16.887205238032976,
            14.80731453794794,
            13.554315590176957,
            13.319604003833382
        ],
        [
            23.377384371164144,
            20.16257401330724,
            18.55351469757542,
            18.423020127644776
        ],
        [
            29.346887855623844,
            26.009985323350957,
            23.484162422166,
            24.074970324802017
        ],
        [
            34.68181466648771,
            31.49750296240439,
            28.357684828642874,
            30.626475096596344
        ],
        [
            38.62721829722981,
            35.10329045243228,
            32.26861329677932,
            34.870377121022344
        ],
        [
            40.67266478917134,
            38.09069102438195,
            35.64525498029396,
            37.809084534931436
        ],
        [
            40.09757943688598,
            38.84513336883346,
            36.99722529135189,
            39.06402098302067
        ],
        [
            34.57864824998373,
            36.68163576543837,
            37.628209190326494,
            37.402148866940685
        ],
        [
            21.26455999263766,
            26.965788189863602,
            31.812630490118295,
            31.366941642922612
        ],
        [
            13.932507241734772,
            16.748649442207714,
            23.78619277810595,
            23.4776728290214
        ],
        [
            8.831226796180802,
            12.072605981952702,
            14.951787192280015,
            17.16877273473789
        ],
        [
            5.331439128108011,
            8.530374217044285,
            10.083282292415145,
            12.831787413090193
        ]
    ],
    "desvP": [
        [
            5.472848512380605,
            4.646705165935033,
            3.764397622281126,
            3.7825881906386316
        ],
        [
            11.677393394784428,
            9.943447514453673,
            9.369374583208776,
            9.823033459863352
        ],
        [
            19.82318338771889,
            16.9571484105928,
            13.12140521824677,
            16.017870796546646
        ],
        [
            30.187253218272843,
            23.598140070156607,
            23.548500831798815,
            25.129935249028843
        ],
        [
            58.22588580121351,
            47.726627468474696,
            29.233563737586913,
            33.91308516966641
        ],
        [
            61.283441760386225,
            62.849613717931334,
            59.68085048274984,
            66.43943228907965
        ],
        [
            63.62184671509293,
            71.01043206563332,
            54.11238718333839,
            101.7158946363968
        ],
        [
            35.24149265438187,
            51.507247330665344,
            65.43912055224077,
            62.71107747584411
        ],
        [
            16.380341389620444,
            27.205335073383754,
            40.198394152040564,
            33.867383470241315
        ],
        [
            9.035834518030347,
            15.710824977992147,
            28.708563662948475,
            24.897864887755443
        ],
        [
            6.064733668706921,
            11.734308723718486,
            14.826603430153117,
            20.222223846151397
        ],
        [
            5.650168054397794,
            10.436218409995952,
            9.6404605093146,
            17.731715595121358
        ]
    ],
    "desvPTotal": [
        [
            5.472848512380605,
            4.646705165935033,
            3.764397622281126,
            3.7825881906386316
        ],
        [
            7.5026837087444225,
            6.5137180993726185,
            5.735772821588143,
            6.059660612109901
        ],
        [
            9.26838451222602,
            8.390502586097133,
            6.732284919936917,
            8.205839562872963
        ],
        [
            9.914843471567739,
            8.860990313091081,
            7.595630358393547,
            8.95687587972869
        ],
        [
            9.43206991694622,
            8.309906120613423,
            7.63633923362049,
            8.439331966351926
        ],
        [
            8.82713586409306,
            7.4993720230457015,
            6.969645873391221,
            7.685698510984867
        ],
        [
            10.029133630170413,
            7.728530760478202,
            6.4684276658842075,
            6.9225050873560265
        ],
        [
            17.20496947548514,
            11.812746406447571,
            5.9566741118637205,
            10.287414868589648
        ],
        [
            21.846008463556092,
            19.35630363608005,
            14.950769811411728,
            17.352964751853072
        ],
        [
            20.44421735843013,
            20.18718325441419,
            19.195528723251236,
            20.57967212207957
        ],
        [
            17.553042871188353,
            18.75875419177453,
            19.19783336829731,
            20.503008825171314
        ],
        [
            14.254389712878787,
            16.724532300626947,
            17.251867417800565,
            19.367534255362358
        ]
    ],