{"dataP": [[250.50059970793092, 251.87406442994285, 252.71153993736712, 253.3269352642236, 253.1805518039907, 253.40715686882254], [228.7637496089349, 232.51499072264176, 234.9033718048947, 235.26040220688924, 235.03937845488508, 236.56953318210228], [204.0191424428745, 210.5414261365585, 214.73461755177348, 215.1533834924378, 214.25863885581654, 216.6197243990357], [176.9776771985689, 186.54479929525976, 191.28451871755988, 192.53571289167476, 190.72684637915478, 194.51200129808626], [142.1509081687405, 158.3225252491816, 165.18510390049053, 162.318352249764, 160.67721218369752, 168.08759104750268], [101.96806486560246, 119.8821570357456, 131.40364055948808, 122.86034849385322, 116.3470728236952, 129.6648771238149], [74.66486234613114, 83.40828911128557, 92.88523959461591, 84.10136543275779, 78.73557974145294, 88.99947551787847], [12.56996843452675, 56.03575569258766, 75.90135751813347, 60.39371166462949, 26.04556751026412, 68.19196607328308], [1.082410300742189, 1.4695864644374492, 6.817807444601889, 1.289775109593428, 0.8693253259780893, 1.3677077187972635], [0.0002777777777777777, 0.0002777777777777777, 1.5062561010930606, 0.41586763309777836, 0.0002777777777777777, 0.2895766225473203], [0.0002777777777777777, 0.0002777777777777777, 0.0002777777777777777, 0.0002777777777777777, 0.0002777777777777777, 0.0002777777777777777], [0.0002777777777777777, 0.0002777777777777777, 0.0002777777777777777, 0.0002777777777777777, 0.0002777777777777777, 0.0002777777777777777]], "dataPTotal": [[2004.0047976634473, 2518.740644299429, 3032.5384792484047, 3799.9040289633535, 4557.249932471832, 5068.143137376451], [1830.109996871479, 2325.149907226418, 2818.8404616587377, 3528.906033103338, 4230.708812187932, 4731.390663642046], [1632.153139542996, 2105.4142613655854, 2576.815410621282, 3227.300752386566, 3856.655499404696, 4332.394487980713], [1415.8214175885512, 1865.4479929525974, 2295.4142246107185, 2888.035693375121, 3433.0832348247864, 3890.240025961725], [1137.207265349924, 1583.2252524918163, 1982.2212468058867, 2434.7752837464595, 2892.189819306555, 3361.7518209500536], [815.7445189248197, 1198.821570357456, 1576.8436867138576, 1842.9052274077983, 2094.2473108265135, 2593.2975424762976], [597.3188987690492, 834.0828911128557, 1114.6228751353908, 1261.5204814913668, 1417.2404353461532, 1779.9895103575698], [100.55823080954735, 560.3570069258765, 910.8162902176016, 905.9050138583314, 468.8173818514209, 1363.8385825767725], [8.65737685038196, 14.693439644374498, 81.81106155744489, 19.34289331056809, 15.643228089827822, 27.34903493150081], [0.0002777777777777777, 0.0002777777777777777, 18.0721398797834, 6.234164496466683, 0.0002777777777777777, 5.7863074509464045], [0.0002777777777777777, 0.0002777777777777777, 0.0002777777777777777, 0.0002777777777777777, 0.0002777777777777777, 0.0002777777777777777], [0.0002777777777777777, 0.0002777777777777777, 0.0002777777777777777, 0.0002777777777777777, 0.0002777777777777777, 0.0002777777777777777]], "desvP": [[4.934376695353804, 3.464234254022169, 3.3179955698685024, 2.368063492353559, 2.448565918087841, 2.5481132150505825], [9.670477391148486, 6.672304143016609, 5.901436686263318, 5.018540381607907, 5.609180347545708, 4.798266336258323], [13.389899526489701, 10.72440907344337, 9.691271303790822, 8.481894644333227, 9.283233825910132, 8.317704389391512], [16.21866077601753, 13.300343363422616, 12.226742446171585, 11.510527798912797, 13.50472446273675, 10.998873574610867], [18.074520423850274, 17.081051647131645, 16.073763953728758, 16.07110634919783, 17.330175736286886, 15.194008150930845], [17.767849593194583, 15.781003956773846, 17.574071446243938, 17.716943948742745, 18.500207606484718, 16.348942584613777], [19.284048844010854, 16.307439941712172, 18.64730449632574, 18.19658100958196, 22.087687834604154, 18.17016379315134], [25.21003977788225, 33.86239742293293, 23.275360615934307, 32.44129480917499, 34.830672208899365, 34.17149403392825], [7.620635429289424, 8.408048828614357, 18.65012129595324, 6.648205292748214, 6.5000308980033115, 8.113788079224095], [5.421010862427522e-20, 5.421010862427522e-20, 7.710384955440012, 4.135066850323589, 5.421010862427522e-20, 2.87848716115153], [5.421010862427522e-20, 5.421010862427522e-20, 5.421010862427522e-20, 5.421010862427522e-20, 5.421010862427522e-20, 5.421010862427522e-20], [5.421010862427522e-20, 5.421010862427522e-20, 5.421010862427522e-20, 5.421010862427522e-20, 5.421010862427522e-20, 5.421010862427522e-20]], "desvPTotal": [[39.47501356283043, 34.64234254022164, 39.815946838422065, 35.52095238530335, 44.07418652558114, 50.96226430101171], [77.36381912918789, 66.72304143016608, 70.81724023515983, 75.27810572411862, 100.96524625582276, 95.96532672516649], [107.11919621191761, 107.24409073443371, 116.29525564548986, 127.22841966499841, 167.0982088663824, 166.35408778783022], [129.74928620814023, 133.0034336342262, 146.72090935405902, 172.657916983692, 243.08504032926152, 219.97747149221738], [144.5961633908022, 170.8105164713165, 192.88516744474512, 241.06659523796745, 311.9431632531639, 303.88016301861694], [142.14279674555667, 157.81003956773844, 210.8888573549272, 265.75415923114116, 333.00373691672496, 326.97885169227555], [154.27239075208684, 163.0743994171217, 223.76765395590888, 272.9487151437294, 397.57838102287474, 363.4032758630267], [201.6810744311325, 338.62488436940805, 279.3043273912117, 486.62065287736726, 626.954218439125, 683.4313551856567], [60.96535402378467, 84.0809120555284, 223.8024161329314, 99.72380351525963, 117.00117489349357, 162.27662437300933], [5.421010862427522e-20, 5.421010862427522e-20, 92.52519239875905, 62.02638969441269, 5.421010862427522e-20, 57.57026835528905], [5.421010862427522e-20, 5.421010862427522e-20, 5.421010862427522e-20, 5.421010862427522e-20, 5.421010862427522e-20, 5.421010862427522e-20], [5.421010862427522e-20, 5.421010862427522e-20, 5.421010862427522e-20, 5.421010862427522e-20, 5.421010862427522e-20, 5.421010862427522e-20]], "qData": [[44.98, 59.97, 75.01, 89.98, 105.0, 119.99]], "qDesv": [[0.4467661580737735, 0.22158519806160337, 0.09949874371066199, 0.19899748742132406, 0.0, 0.09949874371066199]], "info": "Resultado promedio con desviación estándar para simulaciones de múltiples particiones de AO.", "nQ": "120", "qPerUAV": "6"}