{
    "dataP": [
        [
            11.416623183703615,
            12.336773557475713,
            13.394777027697364,
            13.277602478612755
        ],
        [
            15.38384305831718,
            17.91540738657834,
            18.129884749586974,
            17.919796617429455
        ],
        [
            16.453614793524043,
            20.902868259814223,
            21.040167993497874,
            19.64522420347878
        ],
        [
            18.888702975908572,
            24.12659929013282,
            22.039792938091253,
            21.418868544624754
        ],
        [
            24.269069921273648,
            29.445629036086434,
            27.36429205445125,
            26.06200748821433
        ],
        [
            33.184292380225855,
            39.07234447907945,
            40.06948108337022,
            38.712518707319596
        ],
        [
            135.55884657286174,
            120.24332278723789,
            130.6303702443668,
            133.956804303633
        ],
        [
            2.07373531339013,
            13.86894502071057,
            17.76087275051367,
            14.156122716578917
        ],
        [
            0.0002777777777777778,
            0.9737792272520118,
            0.9203364511860608,
            0.11149913794525879
        ],
        [
            0.0002777777777777778,
            0.0002777777777777778,
            0.05877753793572744,
            0.0002777777777777778
        ],
        [
            0.0002777777777777778,
            0.0002777777777777778,
            0.03350741617926081,
            0.0002777777777777778
        ],
        [
            0.0002777777777777778,
            0.0002777777777777778,
            0.0002777777777777778,
            0.0002777777777777778
        ]
    ],
    "dataPTotal": [
        [
            11.416623183703615,
            12.336773557475713,
            13.394777027697364,
            13.277602478612755
        ],
        [
            13.400233121010398,
            15.126090472027027,
            15.76233088864217,
            15.598699548021104
        ],
        [
            14.41802701184828,
            17.05168306795609,
            17.52160992359407,
            16.94754109984033
        ],
        [
            15.535696002863354,
            18.820412123500276,
            18.65115567721837,
            18.065372961036434
        ],
        [
            17.281636817204884,
            20.912882303862354,
            20.371662591899064,
            19.65015125296636
        ],
        [
            19.833547925653267,
            23.622342262710063,
            23.33098738480963,
            22.594501480190047
        ],
        [
            24.745030579783567,
            28.08049535664426,
            28.313532677113304,
            27.690968846902376
        ],
        [
            27.321822666448412,
            30.645665006211054,
            30.938761468283566,
            30.31597776423304
        ],
        [
            0.2538439568662448,
            3.848201562013436,
            3.04826523460166,
            2.266570740007046
        ],
        [
            0.0002777777777777778,
            0.2893472050436967,
            0.85153449253904,
            0.30344547357652757
        ],
        [
            0.0002777777777777778,
            0.0002777777777777778,
            0.15319417928495518,
            0.0002777777777777778
        ],
        [
            0.0002777777777777778,
            0.0002777777777777778,
            0.15696975869866772,
            0.0002777777777777778
        ]
    ],
    "desvP": [
        [
            2.629571902287345,
            3.081316741800274,
            2.898737443781454,
            2.7300966530608743
        ],
        [
            3.6198491525637246,
            4.813051509691271,
            3.9568221727501953,
            4.289583915796084
        ],
        [
            5.167367558792558,
            7.1167068582256165,
            5.561939272156974,
            6.148588489243302
        ],
        [
            5.709122831408675,
            8.052932875367008,
            6.105109777340974,
            6.831552353317278
        ],
        [
            8.09067014278289,
            10.535578838963081,
            9.025789575584335,
            8.840635732047572
        ],
        [
            10.578335250435416,
            14.766504950570258,
            14.28915506280845,
            11.666236934395219
        ],
        [
            40.02362840858914,
            49.002530043700226,
            46.45791474263212,
            44.255617420544525
        ],
        [
            23.77423287527401,
            47.25985567734573,
            67.35222201505754,
            60.97904280556273
        ],
        [
            0.0,
            10.951184936191968,
            7.0391193596219965,
            1.2675823521038694
        ],
        [
            0.0,
            0.0,
            0.9231106448827638,
            0.0
        ],
        [
            0.0,
            0.0,
            0.5243548495103643,
            0.0
        ],
        [
            0.0,
            0.0,
            0.0,
            0.0
        ]
    ],
    "desvPTotal": [
        [
            2.629571902287345,
            3.081316741800274,
            2.898737443781454,
            2.7300966530608743
        ],
        [
            2.6724011780387036,
            3.273502327755733,
            2.7473061842989983,
            2.7493062203210292
        ],
        [
            2.7912146777222313,
            3.7690427413817065,
            2.8002844351471308,
            3.1281386198548264
        ],
        [
            2.7901117347303077,
            3.825964395385233,
            2.866981787047843,
            3.20164424637415
        ],
        [
            2.8595593614163883,
            3.8884497725188263,
            3.0414884659505947,
            3.3412316500874435
        ],
        [
            2.7659235173722894,
            3.69537676685587,
            3.2821397772272913,
            3.171645338925044
        ],
        [
            3.0439371819856835,
            3.146764379268407,
            2.9668098123908337,
            2.93495566581002
        ],
        [
            3.685567665886634,
            3.6487270849068687,
            3.6063546442364793,
            3.5333184820713015
        ],
        [
            2.8391373675158365,
            11.075610716062107,
            9.838859685438086,
            8.686455943626363
        ],
        [
            0.0,
            3.2192394734854695,
            5.440685069373401,
            3.38020102284557
        ],
        [
            0.0,
            0.0,
            2.412980115257103,
            0.0
        ],
        [
            0.0,
            0.0,
            2.472557753489943,
            0.0
        ]
    ],