{
    "dataP": [
        [
            11.112280970577476,
            12.527558908181172,
            13.605555400472738,
            14.46405744193207
        ],
        [
            15.229694326007738,
            18.356572921499595,
            22.48169386539051,
            28.728571902151806
        ],
        [
            16.705293724446257,
            24.419730290498048,
            32.68354641704454,
            41.73931043769848
        ],
        [
            18.480691887319242,
            33.70418112921543,
            43.79085970158017,
            49.43053807204333
        ],
        [
            24.300462241291804,
            45.07782452027162,
            55.56273140405102,
            65.33698239007897
        ],
        [
            34.42446359096613,
            54.942994845165344,
            72.1519894795363,
            77.55986454516781
        ],
        [
            131.42884275016095,
            78.43160086080405,
            71.42574564818403,
            64.93346315397298
        ],
        [
            0.4361390606052393,
            45.24832040929598,
            45.76067632037387,
            45.73593063432283
        ],
        [
            0.0002777777777777778,
            11.223465027320037,
            24.545887295391736,
            22.36335622402051
        ],
        [
            0.0002777777777777778,
            6.130872780308675,
            9.974517375758,
            12.248950497249202
        ],
        [
            0.0002777777777777778,
            1.4797251485395777,
            7.4522010699726104,
            7.986742970005973
        ],
        [
            0.0002777777777777778,
            0.7201760246410385,
            4.896786722717553,
            5.769910187624648
        ]
    ],
    "dataPTotal": [
        [
            11.112280970577476,
            12.527558908181172,
            13.605555400472738,
            14.46405744193207
        ],
        [
            13.17098764829261,
            15.442065914840384,
            18.04362463293163,
            21.59631467204193
        ],
        [
            14.349089673677158,
            18.434620706726275,
            22.907109738281854,
            29.18831902434627
        ],
        [
            15.38199022708768,
            22.15268806400412,
            27.78113687928542,
            33.79868867082715
        ],
        [
            17.165684629928503,
            26.069781276384138,
            32.19729303261438,
            37.974236292897324
        ],
        [
            19.929240519369607,
            29.428206127630936,
            35.44954950946747,
            40.62983170591656
        ],
        [
            24.680148235699793,
            31.542329650543703,
            36.87522829207062,
            40.804047196287804
        ],
        [
            27.297148625465045,
            32.88229813232855,
            36.68073664169082,
            38.5140722451969
        ],
        [
            0.128743302992773,
            19.687167514374195,
            30.69397295983023,
            33.564389028376745
        ],
        [
            0.0002777777777777778,
            9.613322961659797,
            22.46399440242019,
            27.13357504713669
        ],
        [
            0.0002777777777777778,
            5.1962487515611455,
            15.836159714737438,
            19.447567235433123
        ],
        [
            0.0002777777777777778,
            2.6946807625621756,
            12.241968708259732,
            13.982421190983791
        ]
    ],
    "desvP": [
        [
            2.300231281823392,
            3.7567531851097553,
            4.533946640406263,
            4.512350873042256
        ],
        [
            3.8079833185828376,
            5.5754565302892,
            8.383605771174084,
            10.662129750586288
        ],
        [
            5.182274356660022,
            10.920773667737501,
            13.822155533983704,
            20.595134099001662
        ],
        [
            5.500062997071546,
            15.931059724736247,
            19.410843713443153,
            23.161145040372354
        ],
        [
            7.557631930464145,
            25.491864363798598,
            27.850575152566194,
            36.05182849201396
        ],
        [
            10.011320863843967,
            28.748657048476524,
            57.66382347195009,
            65.28055803416309
        ],
        [
            43.57978903884095,
            49.85301928800172,
            51.0868983063363,
            64.48676513220093
        ],
        [
            6.877775033332516,
            75.91894446496558,
            52.46157116963067,
            49.33939415786211
        ],
        [
            0.0,
            26.846335256351523,
            39.60716828499289,
            32.07404781895502
        ],
        [
            0.0,
            23.700247504697295,
            21.554194312018065,
            23.140847176510512
        ],
        [
            0.0,
            7.629640363264822,
            17.28694055309689,
            19.808580744360594
        ],
        [
            0.0,
            5.1034561793296245,
            14.538750150131332,
            18.56013199447152
        ]
    ],
    "desvPTotal": [
        [
            2.300231281823392,
            3.7567531851097553,
            4.533946640406263,
            4.512350873042256
        ],
        [
            2.5440829662865383,
            4.159765523181526,
            5.794029813347247,
            6.488121345592799
        ],
        [
            2.797940263598799,
            5.390786548498009,
            7.13534164600087,
            10.160681124701004
        ],
        [
            2.720748858106877,
            6.714560909064692,
            7.831012416077937,
            9.05133793466567
        ],
        [
            2.7737204534844007,
            7.0647950694793336,
            7.846866647466716,
            8.595417861432667
        ],
        [
            2.5916915172418817,
            6.346581047046153,
            7.082164451605659,
            7.490858144678512
        ],
        [
            2.968239366944779,
            5.486981125935796,
            6.5404411473520385,
            7.751008078024443
        ],
        [
            3.511196569614898,
            5.330673537344717,
            7.2825625513914085,
            11.83001349071037
        ],
        [
            2.0271517952591465,
            18.08051459006647,
            15.994715818595182,
            16.410783465765093
        ],
        [
            0.0,
            16.30283789495742,
            19.486122709635055,
            19.74137111182185
        ],
        [
            0.0,
            13.14238590507779,
            19.3840652770773,
            20.461051055648166
        ],
        [
            0.0,
            10.007314975222888,
            18.28194328452785,
            19.47178006283246
        ]
    ],