{
    "kpi_compl": [
        [
            11.423597227257757,
            12.816028225555776,
            12.930615112471388,
            13.222911818371692
        ],
        [
            15.29092816920088,
            18.32797253770874,
            17.90782465679464,
            17.824562563002083
        ],
        [
            17.27661294474847,
            22.002408438070116,
            19.846036019624304,
            19.868356581091035
        ],
        [
            19.48203324236168,
            24.58746559053585,
            23.027504570884627,
            21.792183953390413
        ],
        [
            23.80268211814695,
            29.36994478825135,
            27.128484452328138,
            26.524523329350814
        ],
        [
            34.055343318671945,
            37.70349852184164,
            39.34466910664925,
            37.79122184090163
        ],
        [
            137.7564288470721,
            125.79641556945379,
            144.43323870197486,
            145.84506968681177
        ],
        [
            1.4138315158171593,
            8.883991574827284,
            7.142802289483376,
            8.770164761593133
        ],
        [
            0.0002777777777777778,
            0.0002777777777777778,
            0.287407750571024,
            0.0002777777777777778
        ],
        [
            0.0002777777777777778,
            0.0002777777777777778,
            0.0002777777777777778,
            0.0002777777777777778
        ],
        [
            0.0002777777777777778,
            0.0002777777777777778,
            0.0002777777777777778,
            0.0002777777777777778
        ],
        [
            0.0002777777777777778,
            0.0002777777777777778,
            0.0002777777777777778,
            0.0002777777777777778
        ]
    ],
    "kpi_total": [
        [
            11.423597227257757,
            12.816028225555776,
            12.930615112471388,
            13.222911818371692
        ],
        [
            13.357720627739662,
            15.57200038163226,
            15.419219884633018,
            15.52373719068689
        ],
        [
            14.663954370954892,
            17.715469733778214,
            16.894825262963444,
            16.971943654154938
        ],
        [
            15.868441564020287,
            19.43381585265527,
            18.42799508994374,
            18.177003728963804
        ],
        [
            17.455208957246214,
            21.401641699875626,
            20.166211310691615,
            19.835122474612085
        ],
        [
            20.165319102660952,
            23.85481776716971,
            23.170344965885302,
            22.656754607553747
        ],
        [
            25.079282099542258,
            28.488824839690828,
            28.596347389402652,
            28.220569504566104
        ],
        [
            27.54410370093022,
            31.178385194336542,
            31.173757230205236,
            30.875491671005296
        ],
        [
            0.14425948444602585,
            1.5865835204491048,
            1.567972715639805,
            1.00190051752475
        ],
        [
            0.0002777777777777778,
            0.0002777777777777778,
            0.14574348654837074,
            0.0002777777777777778
        ],
        [
            0.0002777777777777778,
            0.0002777777777777778,
            0.0002777777777777778,
            0.0002777777777777778
        ],
        [
            0.0002777777777777778,
            0.0002777777777777778,
            0.0002777777777777778,
            0.0002777777777777778
        ]
    ],
    "w_min": [
        [
            266,
            266,
            266,
            266
        ],
        [
            243.65515357403248,
            240.03913625318143,
            238.4143786392561,
            238.5225858046328
        ],
        [
            220.5424531560904,
            210.29214462932467,
            210.28667584817168,
            210.44996711327647
        ],
        [
            193.94160667689147,
            174.9852022846531,
            180.37494773435958,
            180.862688590963
        ],
        [
            164.62219832453079,
            133.51937651267147,
            146.7632963513333,
            148.85450050982843
        ],
        [
            127.69465466729353,
            94.84047487491878,
            108.83583618527128,
            106.58228456488344
        ],
        [
            77.18957366424559,
            48.535007495936334,
            54.224276418327015,
            55.33047089746732
        ],
        [
            36.26039349386447,
            16.950967637650173,
            17.915763641380725,
            18.853408985040268
        ],
        [
            -0.043530821799223185,
            -0.28834228548415003,
            -0.22338483608468543,
            0.015706261948386476
        ],
        [
            0.0002777777777777778,
            0.0002777777777777778,
            -0.02874027924752546,
            0.0002777777777777778
        ],
        [
            0.0002777777777777778,
            0.0002777777777777778,
            0.0002777777777777778,
            0.0002777777777777778
        ],
        [
            0.0002777777777777778,
            0.0002777777777777778,
            0.0002777777777777778,
            0.0002777777777777778
        ],
        [
            0.0002777777777777778,
            0.0002777777777777778,
            0.0002777777777777778,
            0.0002777777777777778
        ]
    ],
    "kpi_compl_desv": [
        [
            2.274512939079403,
            2.949558389834133,
            2.962380091413729,
            2.6127686504547065
        ],
        [
            3.3162276728815887,
            4.6290547982783075,
            4.179659394515296,
            4.049049870266678
        ],
        [
            5.672001821034637,
            7.350445529350654,
            5.360405562877611,
            5.6706551150093265
        ],
        [
            6.620353708172653,
            8.632106990914448,
            7.456186899605186,
            6.435486381837555
        ],
        [
            7.79275886641671,
            10.160157139956448,
            9.060586379044887,
            9.62566751190373
        ],
        [
            9.130229931469609,
            15.662208497446352,
            12.28230090786656,
            11.822588533709967
        ],
        [
            39.585014636176496,
            49.914523876072664,
            45.08656033812766,
            48.47325935768692
        ],
        [
            22.30550175205552,
            45.81745651845333,
            38.306946147203035,
            57.18005649035284
        ],
        [
            0.0,
            0.0,
            4.530834547606691,
            0.0
        ],
        [
            0.0,
            0.0,
            0.0,
            0.0
        ],
        [
            0.0,
            0.0,
            0.0,
            0.0
        ],
        [
            0.0,
            0.0,
            0.0,
            0.0
        ]
    ],