{
    "kpi_compl": [
        [
            11.41024573580254,
            12.314906363022848,
            13.690633045279881,
            14.403301177680335
        ],
        [
            15.534599863283166,
            18.124126328779465,
            23.014581531790878,
            27.169584778500628
        ],
        [
            16.579171854782512,
            24.265444318247482,
            33.81050922438573,
            38.99307821380798
        ],
        [
            19.283124998259687,
            32.97348178634881,
            46.437360458089984,
            49.03911695988968
        ],
        [
            24.20488931836482,
            43.515312654529595,
            54.63349252154701,
            59.47228698976105
        ],
        [
            33.43710251411142,
            57.35632229927806,
            75.34380006932767,
            73.34838676318954
        ],
        [
            143.13721830397526,
            80.3527400595842,
            82.68754976014789,
            80.41383753159683
        ],
        [
            1.63163631196495,
            36.887094313432435,
            43.017058008351235,
            47.56939465603036
        ],
        [
            0.0002777777777777778,
            11.556557697323944,
            18.931915664726915,
            30.31281731349578
        ],
        [
            0.0002777777777777778,
            4.961356729910685,
            11.190163736515341,
            10.019424579895711
        ],
        [
            0.0002777777777777778,
            0.46274277709151923,
            5.960722542254438,
            7.416420991216222
        ],
        [
            0.0002777777777777778,
            0.16164264744488094,
            4.053908602532425,
            4.24499480559667
        ]
    ],
    "kpi_total": [
        [
            11.41024573580254,
            12.314906363022848,
            13.690633045279881,
            14.403301177680335
        ],
        [
            13.472422799542851,
            15.219516345901159,
            18.352607288535378,
            20.786442978090484
        ],
        [
            14.508005817956073,
            18.234825670016598,
            23.49899648427622,
            27.167676547374228
        ],
        [
            15.701785613031975,
            21.831330107580317,
            28.83234350366982,
            32.388292039381504
        ],
        [
            17.4003313474863,
            25.65408171573199,
            33.07483635734551,
            36.40811557555207
        ],
        [
            20.026515102100923,
            29.532699433577186,
            36.50827734882532,
            39.44729331862103
        ],
        [
            25.155342619128614,
            32.0038856072109,
            38.429039348120156,
            41.0024298562297
        ],
        [
            27.5796954994103,
            33.835363792767794,
            38.22286408968365,
            40.213525217293295
        ],
        [
            0.2902358651569657,
            15.30776537029788,
            30.478795624874827,
            34.432202987057444
        ],
        [
            0.0002777777777777778,
            7.060081936288161,
            21.98894183600277,
            25.531518313093546
        ],
        [
            0.0002777777777777778,
            3.3727349862311558,
            15.716235847302029,
            17.593815187184063
        ],
        [
            0.0002777777777777778,
            0.9650127101977088,
            10.647593963389392,
            12.76495553014883
        ]
    ],
    "w_min": [
        [
            266,
            266,
            266,
            266
        ],
        [
            243.65527268914744,
            241.01922145193217,
            236.85997163768747,
            232.4625278089419
        ],
        [
            220.61832853154462,
            211.8587278069736,
            195.07278588903142,
            182.05437958051735
        ],
        [
            194.93177162799194,
            168.340481089742,
            136.6928030792784,
            116.97529216709451
        ],
        [
            164.763094712811,
            117.7250083347022,
            76.72527694147593,
            54.084420792230766
        ],
        [
            127.33334631253145,
            65.51554285083581,
            30.382677054379574,
            16.72708941735726
        ],
        [
            80.22996147454063,
            24.166770484327248,
            5.418786258583994,
            -1.7743938845776026
        ],
        [
            37.01600877434635,
            4.708696612193589,
            -3.2625535923878917,
            -6.074595215749527
        ],
        [
            -0.09025903881014612,
            -2.5683450905735103,
            -5.1832274063528665,
            -6.653824432252266
        ],
        [
            0.0002777777777777778,
            -1.659608943284749,
            -4.611124821228137,
            -5.445354730624898
        ],
        [
            0.0002777777777777778,
            -0.8140750173225025,
            -3.4822333968511816,
            -3.7755691817310653
        ],
        [
            0.0002777777777777778,
            -0.2156482170089833,
            -2.4061029953757727,
            -2.831215454459606
        ],
        [
            0.0002777777777777778,
            -0.164179873919618,
            -1.6048037018770955,
            -1.812244275629001
        ]
    ],
    "kpi_compl_desv": [
        [
            2.357783976985069,
            3.0434761692335237,
            3.870582966796744,
            4.125922012005949
        ],
        [
            4.006089686304026,
            5.580842883221405,
            9.015722953132432,
            9.21689734021173
        ],
        [
            5.0039319003914144,
            10.250846264607793,
            12.701349623354172,
            15.049223264846953
        ],
        [
            5.508852306361106,
            16.870803088737993,
            22.674467048356245,
            21.30030287761474
        ],
        [
            7.77986451989222,
            27.533250727933247,
            30.529050204804733,
            34.609019904053056
        ],
        [
            9.545791236801053,
            30.37894978646785,
            59.28160414285107,
            50.607901891350664
        ],
        [
            39.707139612372444,
            48.773758151783774,
            60.31877478674465,
            68.73881124985732
        ],
        [
            20.45200159679596,
            69.48373942107594,
            57.6345293333632,
            52.425639874421755
        ],
        [
            0.0,
            34.72657159105388,
            30.85255924243002,
            43.7931274576569
        ],
        [
            0.0,
            23.54309759239593,
            23.203566219998745,
            19.042870766719933
        ],
        [
            0.0,
            3.5252614745662796,
            14.270881745050712,
            17.115605616329237
        ],
        [
            0.0,
            1.228745091179804,
            13.46634549914194,
            12.377525594720572
        ]
    ],